commons-math,f55f1566f0368842718c69de5c951d1642d2cb13,/Users/demigorgan/commons-math/target/classes/org/apache/commons/math/stat/descriptive/summary/Sum.class,9
commons-math,f55f1566f0368842718c69de5c951d1642d2cb13,/Users/demigorgan/commons-math/target/classes/org/apache/commons/math/stat/descriptive/rank/Max.class,9
commons-math,f55f1566f0368842718c69de5c951d1642d2cb13,/Users/demigorgan/commons-math/target/classes/org/apache/commons/math/stat/inference/TTestImpl.class,30
commons-math,f55f1566f0368842718c69de5c951d1642d2cb13,/Users/demigorgan/commons-math/target/classes/org/apache/commons/math/stat/descriptive/moment/GeometricMean.class,8
commons-math,f55f1566f0368842718c69de5c951d1642d2cb13,/Users/demigorgan/commons-math/target/classes/org/apache/commons/math/random/AbstractRandomGenerator.class,12
commons-math,f55f1566f0368842718c69de5c951d1642d2cb13,/Users/demigorgan/commons-math/target/classes/org/apache/commons/math/distribution/AbstractContinuousDistribution$1.class,4
commons-math,f55f1566f0368842718c69de5c951d1642d2cb13,/Users/demigorgan/commons-math/target/classes/org/apache/commons/math/fraction/Fraction.class,28
commons-math,f55f1566f0368842718c69de5c951d1642d2cb13,/Users/demigorgan/commons-math/target/classes/org/apache/commons/math/stat/descriptive/AbstractStorelessUnivariateStatistic.class,11
commons-math,f55f1566f0368842718c69de5c951d1642d2cb13,/Users/demigorgan/commons-math/target/classes/org/apache/commons/math/distribution/DistributionFactory.class,15
commons-math,f55f1566f0368842718c69de5c951d1642d2cb13,/Users/demigorgan/commons-math/target/classes/org/apache/commons/math/stat/inference/TestFactoryImpl.class,3
commons-math,f55f1566f0368842718c69de5c951d1642d2cb13,/Users/demigorgan/commons-math/target/classes/org/apache/commons/math/analysis/PolynomialFunctionLagrangeForm.class,14
commons-math,f55f1566f0368842718c69de5c951d1642d2cb13,/Users/demigorgan/commons-math/target/classes/org/apache/commons/math/random/JDKRandomGenerator.class,1
commons-math,f55f1566f0368842718c69de5c951d1642d2cb13,/Users/demigorgan/commons-math/target/classes/org/apache/commons/math/linear/BigMatrixImpl.class,69
commons-math,f55f1566f0368842718c69de5c951d1642d2cb13,/Users/demigorgan/commons-math/target/classes/org/apache/commons/math/distribution/FDistributionImpl.class,13
commons-math,f55f1566f0368842718c69de5c951d1642d2cb13,/Users/demigorgan/commons-math/target/classes/org/apache/commons/math/stat/descriptive/moment/Kurtosis.class,10
commons-math,f55f1566f0368842718c69de5c951d1642d2cb13,/Users/demigorgan/commons-math/target/classes/org/apache/commons/math/analysis/NewtonSolver.class,6
commons-math,f55f1566f0368842718c69de5c951d1642d2cb13,/Users/demigorgan/commons-math/target/classes/org/apache/commons/math/distribution/ContinuousDistribution.class,1
commons-math,f55f1566f0368842718c69de5c951d1642d2cb13,/Users/demigorgan/commons-math/target/classes/org/apache/commons/math/random/EmpiricalDistributionImpl$1.class,0
commons-math,f55f1566f0368842718c69de5c951d1642d2cb13,/Users/demigorgan/commons-math/target/classes/org/apache/commons/math/analysis/SimpsonIntegrator.class,4
commons-math,f55f1566f0368842718c69de5c951d1642d2cb13,/Users/demigorgan/commons-math/target/classes/org/apache/commons/math/special/Erf.class,2
commons-math,f55f1566f0368842718c69de5c951d1642d2cb13,/Users/demigorgan/commons-math/target/classes/org/apache/commons/math/stat/inference/TestUtils.class,32
commons-math,f55f1566f0368842718c69de5c951d1642d2cb13,/Users/demigorgan/commons-math/target/classes/org/apache/commons/math/stat/Frequency$NaturalComparator.class,3
commons-math,f55f1566f0368842718c69de5c951d1642d2cb13,/Users/demigorgan/commons-math/target/classes/org/apache/commons/math/distribution/ChiSquaredDistributionImpl.class,12
commons-math,f55f1566f0368842718c69de5c951d1642d2cb13,/Users/demigorgan/commons-math/target/classes/org/apache/commons/math/analysis/UnivariateRealInterpolator.class,1
commons-math,f55f1566f0368842718c69de5c951d1642d2cb13,/Users/demigorgan/commons-math/target/classes/org/apache/commons/math/MathException.class,12
commons-math,f55f1566f0368842718c69de5c951d1642d2cb13,/Users/demigorgan/commons-math/target/classes/org/apache/commons/math/distribution/NormalDistributionImpl.class,14
commons-math,f55f1566f0368842718c69de5c951d1642d2cb13,/Users/demigorgan/commons-math/target/classes/org/apache/commons/math/util/DoubleArray.class,7
commons-math,f55f1566f0368842718c69de5c951d1642d2cb13,/Users/demigorgan/commons-math/target/classes/org/apache/commons/math/stat/Frequency.class,29
commons-math,f55f1566f0368842718c69de5c951d1642d2cb13,/Users/demigorgan/commons-math/target/classes/org/apache/commons/math/analysis/UnivariateRealSolverImpl.class,35
commons-math,f55f1566f0368842718c69de5c951d1642d2cb13,/Users/demigorgan/commons-math/target/classes/org/apache/commons/math/analysis/RiddersSolver.class,4
commons-math,f55f1566f0368842718c69de5c951d1642d2cb13,/Users/demigorgan/commons-math/target/classes/org/apache/commons/math/linear/RealMatrixImpl.class,51
commons-math,f55f1566f0368842718c69de5c951d1642d2cb13,/Users/demigorgan/commons-math/target/classes/org/apache/commons/math/distribution/GammaDistribution.class,4
commons-math,f55f1566f0368842718c69de5c951d1642d2cb13,/Users/demigorgan/commons-math/target/classes/org/apache/commons/math/distribution/CauchyDistribution.class,4
commons-math,f55f1566f0368842718c69de5c951d1642d2cb13,/Users/demigorgan/commons-math/target/classes/org/apache/commons/math/analysis/UnivariateRealIntegrator.class,12
commons-math,f55f1566f0368842718c69de5c951d1642d2cb13,/Users/demigorgan/commons-math/target/classes/org/apache/commons/math/distribution/ChiSquaredDistribution.class,2
commons-math,f55f1566f0368842718c69de5c951d1642d2cb13,/Users/demigorgan/commons-math/target/classes/org/apache/commons/math/random/RandomDataImpl.class,26
commons-math,f55f1566f0368842718c69de5c951d1642d2cb13,/Users/demigorgan/commons-math/target/classes/org/apache/commons/math/stat/inference/ChiSquareTest.class,6
commons-math,f55f1566f0368842718c69de5c951d1642d2cb13,/Users/demigorgan/commons-math/target/classes/org/apache/commons/math/random/RandomGenerator.class,9
commons-math,f55f1566f0368842718c69de5c951d1642d2cb13,/Users/demigorgan/commons-math/target/classes/org/apache/commons/math/analysis/UnivariateRealSolverUtils.class,9
commons-math,f55f1566f0368842718c69de5c951d1642d2cb13,/Users/demigorgan/commons-math/target/classes/org/apache/commons/math/stat/descriptive/SummaryStatistics.class,18
commons-math,f55f1566f0368842718c69de5c951d1642d2cb13,/Users/demigorgan/commons-math/target/classes/org/apache/commons/math/distribution/HypergeometricDistribution.class,6
commons-math,f55f1566f0368842718c69de5c951d1642d2cb13,/Users/demigorgan/commons-math/target/classes/org/apache/commons/math/stat/inference/ChiSquareTestImpl.class,14
commons-math,f55f1566f0368842718c69de5c951d1642d2cb13,/Users/demigorgan/commons-math/target/classes/org/apache/commons/math/stat/descriptive/DescriptiveStatisticsImpl.class,13
commons-math,f55f1566f0368842718c69de5c951d1642d2cb13,/Users/demigorgan/commons-math/target/classes/org/apache/commons/math/stat/descriptive/summary/Product.class,9
commons-math,f55f1566f0368842718c69de5c951d1642d2cb13,/Users/demigorgan/commons-math/target/classes/org/apache/commons/math/analysis/MullerSolver.class,5
commons-math,f55f1566f0368842718c69de5c951d1642d2cb13,/Users/demigorgan/commons-math/target/classes/org/apache/commons/math/stat/descriptive/DescriptiveStatistics.class,26
commons-math,f55f1566f0368842718c69de5c951d1642d2cb13,/Users/demigorgan/commons-math/target/classes/org/apache/commons/math/analysis/BrentSolver.class,4
commons-math,f55f1566f0368842718c69de5c951d1642d2cb13,/Users/demigorgan/commons-math/target/classes/org/apache/commons/math/analysis/RombergIntegrator.class,4
commons-math,f55f1566f0368842718c69de5c951d1642d2cb13,/Users/demigorgan/commons-math/target/classes/org/apache/commons/math/distribution/DiscreteDistribution.class,1
commons-math,f55f1566f0368842718c69de5c951d1642d2cb13,/Users/demigorgan/commons-math/target/classes/org/apache/commons/math/analysis/PolynomialFunctionNewtonForm.class,14
commons-math,f55f1566f0368842718c69de5c951d1642d2cb13,/Users/demigorgan/commons-math/target/classes/org/apache/commons/math/random/EmpiricalDistribution.class,9
commons-math,f55f1566f0368842718c69de5c951d1642d2cb13,/Users/demigorgan/commons-math/target/classes/org/apache/commons/math/stat/inference/TestFactory.class,4
commons-math,f55f1566f0368842718c69de5c951d1642d2cb13,/Users/demigorgan/commons-math/target/classes/org/apache/commons/math/stat/regression/SimpleRegression.class,31
commons-math,f55f1566f0368842718c69de5c951d1642d2cb13,/Users/demigorgan/commons-math/target/classes/org/apache/commons/math/distribution/TDistribution.class,2
commons-math,f55f1566f0368842718c69de5c951d1642d2cb13,/Users/demigorgan/commons-math/target/classes/org/apache/commons/math/special/Gamma$1.class,4
commons-math,f55f1566f0368842718c69de5c951d1642d2cb13,/Users/demigorgan/commons-math/target/classes/org/apache/commons/math/stat/descriptive/StatisticalSummaryValues.class,17
commons-math,f55f1566f0368842718c69de5c951d1642d2cb13,/Users/demigorgan/commons-math/target/classes/org/apache/commons/math/random/EmpiricalDistributionImpl$DataAdapterFactory.class,4
commons-math,f55f1566f0368842718c69de5c951d1642d2cb13,/Users/demigorgan/commons-math/target/classes/org/apache/commons/math/special/Beta.class,8
commons-math,f55f1566f0368842718c69de5c951d1642d2cb13,/Users/demigorgan/commons-math/target/classes/org/apache/commons/math/stat/descriptive/moment/FirstMoment.class,10
commons-math,f55f1566f0368842718c69de5c951d1642d2cb13,/Users/demigorgan/commons-math/target/classes/org/apache/commons/math/distribution/ExponentialDistribution.class,2
commons-math,f55f1566f0368842718c69de5c951d1642d2cb13,/Users/demigorgan/commons-math/target/classes/org/apache/commons/math/stat/descriptive/rank/Min.class,9
commons-math,f55f1566f0368842718c69de5c951d1642d2cb13,/Users/demigorgan/commons-math/target/classes/org/apache/commons/math/stat/descriptive/moment/StandardDeviation.class,16
commons-math,f55f1566f0368842718c69de5c951d1642d2cb13,/Users/demigorgan/commons-math/target/classes/org/apache/commons/math/complex/ComplexUtils.class,16
commons-math,f55f1566f0368842718c69de5c951d1642d2cb13,/Users/demigorgan/commons-math/target/classes/org/apache/commons/math/linear/BigMatrix.class,33
commons-math,f55f1566f0368842718c69de5c951d1642d2cb13,/Users/demigorgan/commons-math/target/classes/org/apache/commons/math/transform/FastSineTransformer.class,11
commons-math,f55f1566f0368842718c69de5c951d1642d2cb13,/Users/demigorgan/commons-math/target/classes/org/apache/commons/math/transform/FastFourierTransformer.class,26
commons-math,f55f1566f0368842718c69de5c951d1642d2cb13,/Users/demigorgan/commons-math/target/classes/org/apache/commons/math/analysis/UnivariateRealFunction.class,1
commons-math,f55f1566f0368842718c69de5c951d1642d2cb13,/Users/demigorgan/commons-math/target/classes/org/apache/commons/math/random/ValueServer.class,37
commons-math,f55f1566f0368842718c69de5c951d1642d2cb13,/Users/demigorgan/commons-math/target/classes/org/apache/commons/math/distribution/AbstractDistribution.class,3
commons-math,f55f1566f0368842718c69de5c951d1642d2cb13,/Users/demigorgan/commons-math/target/classes/org/apache/commons/math/analysis/TrapezoidIntegrator.class,6
commons-math,f55f1566f0368842718c69de5c951d1642d2cb13,/Users/demigorgan/commons-math/target/classes/org/apache/commons/math/distribution/AbstractContinuousDistribution.class,6
commons-math,f55f1566f0368842718c69de5c951d1642d2cb13,/Users/demigorgan/commons-math/target/classes/org/apache/commons/math/analysis/PolynomialFunction.class,10
commons-math,f55f1566f0368842718c69de5c951d1642d2cb13,/Users/demigorgan/commons-math/target/classes/org/apache/commons/math/stat/descriptive/moment/ThirdMoment.class,7
commons-math,f55f1566f0368842718c69de5c951d1642d2cb13,/Users/demigorgan/commons-math/target/classes/org/apache/commons/math/stat/descriptive/AbstractUnivariateStatistic.class,5
commons-math,f55f1566f0368842718c69de5c951d1642d2cb13,/Users/demigorgan/commons-math/target/classes/org/apache/commons/math/distribution/HypergeometricDistributionImpl.class,21
commons-math,f55f1566f0368842718c69de5c951d1642d2cb13,/Users/demigorgan/commons-math/target/classes/org/apache/commons/math/stat/descriptive/moment/Mean.class,10
commons-math,f55f1566f0368842718c69de5c951d1642d2cb13,/Users/demigorgan/commons-math/target/classes/org/apache/commons/math/stat/descriptive/UnivariateStatistic.class,2
commons-math,f55f1566f0368842718c69de5c951d1642d2cb13,/Users/demigorgan/commons-math/target/classes/org/apache/commons/math/distribution/PoissonDistribution.class,3
commons-math,f55f1566f0368842718c69de5c951d1642d2cb13,/Users/demigorgan/commons-math/target/classes/org/apache/commons/math/analysis/UnivariateRealIntegratorImpl.class,28
commons-math,f55f1566f0368842718c69de5c951d1642d2cb13,/Users/demigorgan/commons-math/target/classes/org/apache/commons/math/stat/descriptive/moment/SecondMoment.class,6
commons-math,f55f1566f0368842718c69de5c951d1642d2cb13,/Users/demigorgan/commons-math/target/classes/org/apache/commons/math/random/RandomAdaptor.class,13
commons-math,f55f1566f0368842718c69de5c951d1642d2cb13,/Users/demigorgan/commons-math/target/classes/org/apache/commons/math/distribution/CauchyDistributionImpl.class,14
commons-math,f55f1566f0368842718c69de5c951d1642d2cb13,/Users/demigorgan/commons-math/target/classes/org/apache/commons/math/distribution/Distribution.class,2
commons-math,f55f1566f0368842718c69de5c951d1642d2cb13,/Users/demigorgan/commons-math/target/classes/org/apache/commons/math/complex/Complex.class,22
commons-math,f55f1566f0368842718c69de5c951d1642d2cb13,/Users/demigorgan/commons-math/target/classes/org/apache/commons/math/analysis/UnivariateRealSolver.class,16
commons-math,f55f1566f0368842718c69de5c951d1642d2cb13,/Users/demigorgan/commons-math/target/classes/org/apache/commons/math/distribution/PoissonDistributionImpl.class,10
commons-math,f55f1566f0368842718c69de5c951d1642d2cb13,/Users/demigorgan/commons-math/target/classes/org/apache/commons/math/stat/Frequency$1.class,0
commons-math,f55f1566f0368842718c69de5c951d1642d2cb13,/Users/demigorgan/commons-math/target/classes/org/apache/commons/math/linear/QRDecompositionImpl.class,7
commons-math,f55f1566f0368842718c69de5c951d1642d2cb13,/Users/demigorgan/commons-math/target/classes/org/apache/commons/math/distribution/GammaDistributionImpl.class,13
commons-math,f55f1566f0368842718c69de5c951d1642d2cb13,/Users/demigorgan/commons-math/target/classes/org/apache/commons/math/complex/ComplexFormat.class,33
commons-math,f55f1566f0368842718c69de5c951d1642d2cb13,/Users/demigorgan/commons-math/target/classes/org/apache/commons/math/stat/descriptive/summary/SumOfSquares.class,9
commons-math,f55f1566f0368842718c69de5c951d1642d2cb13,/Users/demigorgan/commons-math/target/classes/org/apache/commons/math/stat/descriptive/summary/SumOfLogs.class,9
commons-math,f55f1566f0368842718c69de5c951d1642d2cb13,/Users/demigorgan/commons-math/target/classes/org/apache/commons/math/analysis/NevilleInterpolator.class,3
commons-math,f55f1566f0368842718c69de5c951d1642d2cb13,/Users/demigorgan/commons-math/target/classes/org/apache/commons/math/stat/descriptive/rank/Median.class,2
commons-math,f55f1566f0368842718c69de5c951d1642d2cb13,/Users/demigorgan/commons-math/target/classes/org/apache/commons/math/special/Gamma.class,10
commons-math,f55f1566f0368842718c69de5c951d1642d2cb13,/Users/demigorgan/commons-math/target/classes/org/apache/commons/math/distribution/WeibullDistributionImpl.class,13
commons-math,f55f1566f0368842718c69de5c951d1642d2cb13,/Users/demigorgan/commons-math/target/classes/org/apache/commons/math/random/EmpiricalDistributionImpl$ArrayDataAdapter.class,5
commons-math,f55f1566f0368842718c69de5c951d1642d2cb13,/Users/demigorgan/commons-math/target/classes/org/apache/commons/math/FunctionEvaluationException.class,6
commons-math,f55f1566f0368842718c69de5c951d1642d2cb13,/Users/demigorgan/commons-math/target/classes/org/apache/commons/math/stat/StatUtils.class,37
commons-math,f55f1566f0368842718c69de5c951d1642d2cb13,/Users/demigorgan/commons-math/target/classes/org/apache/commons/math/random/EmpiricalDistributionImpl.class,24
commons-math,f55f1566f0368842718c69de5c951d1642d2cb13,/Users/demigorgan/commons-math/target/classes/org/apache/commons/math/analysis/LaguerreSolver.class,10
commons-math,f55f1566f0368842718c69de5c951d1642d2cb13,/Users/demigorgan/commons-math/target/classes/org/apache/commons/math/random/EmpiricalDistributionImpl$DataAdapter.class,5
commons-math,f55f1566f0368842718c69de5c951d1642d2cb13,/Users/demigorgan/commons-math/target/classes/org/apache/commons/math/analysis/UnivariateRealSolverFactory.class,7
commons-math,f55f1566f0368842718c69de5c951d1642d2cb13,/Users/demigorgan/commons-math/target/classes/org/apache/commons/math/distribution/IntegerDistribution.class,4
commons-math,f55f1566f0368842718c69de5c951d1642d2cb13,/Users/demigorgan/commons-math/target/classes/org/apache/commons/math/distribution/PascalDistributionImpl.class,13
commons-math,f55f1566f0368842718c69de5c951d1642d2cb13,/Users/demigorgan/commons-math/target/classes/org/apache/commons/math/util/DefaultTransformer.class,3
commons-math,f55f1566f0368842718c69de5c951d1642d2cb13,/Users/demigorgan/commons-math/target/classes/org/apache/commons/math/stat/descriptive/moment/Skewness.class,10
commons-math,f55f1566f0368842718c69de5c951d1642d2cb13,/Users/demigorgan/commons-math/target/classes/org/apache/commons/math/analysis/BisectionSolver.class,4
commons-math,f55f1566f0368842718c69de5c951d1642d2cb13,/Users/demigorgan/commons-math/target/classes/org/apache/commons/math/analysis/SecantSolver.class,4
commons-math,f55f1566f0368842718c69de5c951d1642d2cb13,/Users/demigorgan/commons-math/target/classes/org/apache/commons/math/distribution/FDistribution.class,4
commons-math,f55f1566f0368842718c69de5c951d1642d2cb13,/Users/demigorgan/commons-math/target/classes/org/apache/commons/math/distribution/NormalDistribution.class,4
commons-math,f55f1566f0368842718c69de5c951d1642d2cb13,/Users/demigorgan/commons-math/target/classes/org/apache/commons/math/stat/descriptive/StorelessUnivariateStatistic.class,6
commons-math,f55f1566f0368842718c69de5c951d1642d2cb13,/Users/demigorgan/commons-math/target/classes/org/apache/commons/math/stat/descriptive/StatisticalSummary.class,7
commons-math,f55f1566f0368842718c69de5c951d1642d2cb13,/Users/demigorgan/commons-math/target/classes/org/apache/commons/math/linear/RealMatrix.class,28
commons-math,f55f1566f0368842718c69de5c951d1642d2cb13,/Users/demigorgan/commons-math/target/classes/org/apache/commons/math/util/ResizableDoubleArray.class,39
commons-math,f55f1566f0368842718c69de5c951d1642d2cb13,/Users/demigorgan/commons-math/target/classes/org/apache/commons/math/analysis/DividedDifferenceInterpolator.class,4
commons-math,f55f1566f0368842718c69de5c951d1642d2cb13,/Users/demigorgan/commons-math/target/classes/org/apache/commons/math/stat/descriptive/moment/Variance.class,18
commons-math,f55f1566f0368842718c69de5c951d1642d2cb13,/Users/demigorgan/commons-math/target/classes/org/apache/commons/math/linear/QRDecomposition.class,2
commons-math,f55f1566f0368842718c69de5c951d1642d2cb13,/Users/demigorgan/commons-math/target/classes/org/apache/commons/math/analysis/DifferentiableUnivariateRealFunction.class,1
commons-math,f55f1566f0368842718c69de5c951d1642d2cb13,/Users/demigorgan/commons-math/target/classes/org/apache/commons/math/util/ContinuedFraction.class,9
commons-math,f55f1566f0368842718c69de5c951d1642d2cb13,/Users/demigorgan/commons-math/target/classes/org/apache/commons/math/linear/MatrixUtils.class,15
commons-math,f55f1566f0368842718c69de5c951d1642d2cb13,/Users/demigorgan/commons-math/target/classes/org/apache/commons/math/analysis/SplineInterpolator.class,2
commons-math,f55f1566f0368842718c69de5c951d1642d2cb13,/Users/demigorgan/commons-math/target/classes/org/apache/commons/math/linear/MatrixIndexException.class,3
commons-math,f55f1566f0368842718c69de5c951d1642d2cb13,/Users/demigorgan/commons-math/target/classes/org/apache/commons/math/distribution/TDistributionImpl.class,10
commons-math,f55f1566f0368842718c69de5c951d1642d2cb13,/Users/demigorgan/commons-math/target/classes/org/apache/commons/math/distribution/AbstractIntegerDistribution.class,9
commons-math,f55f1566f0368842718c69de5c951d1642d2cb13,/Users/demigorgan/commons-math/target/classes/org/apache/commons/math/ConvergenceException.class,5
commons-math,f55f1566f0368842718c69de5c951d1642d2cb13,/Users/demigorgan/commons-math/target/classes/org/apache/commons/math/fraction/FractionFormat.class,25
commons-math,f55f1566f0368842718c69de5c951d1642d2cb13,/Users/demigorgan/commons-math/target/classes/org/apache/commons/math/special/Beta$1.class,5
commons-math,f55f1566f0368842718c69de5c951d1642d2cb13,/Users/demigorgan/commons-math/target/classes/org/apache/commons/math/distribution/WeibullDistribution.class,4
commons-math,f55f1566f0368842718c69de5c951d1642d2cb13,/Users/demigorgan/commons-math/target/classes/org/apache/commons/math/stat/descriptive/rank/Percentile.class,9
commons-math,f55f1566f0368842718c69de5c951d1642d2cb13,/Users/demigorgan/commons-math/target/classes/org/apache/commons/math/stat/descriptive/moment/FourthMoment.class,6
commons-math,f55f1566f0368842718c69de5c951d1642d2cb13,/Users/demigorgan/commons-math/target/classes/org/apache/commons/math/distribution/DistributionFactoryImpl.class,12
commons-math,f55f1566f0368842718c69de5c951d1642d2cb13,/Users/demigorgan/commons-math/target/classes/org/apache/commons/math/stat/inference/TTest.class,20
commons-math,f55f1566f0368842718c69de5c951d1642d2cb13,/Users/demigorgan/commons-math/target/classes/org/apache/commons/math/analysis/PolynomialSplineFunction.class,12
commons-math,f55f1566f0368842718c69de5c951d1642d2cb13,/Users/demigorgan/commons-math/target/classes/org/apache/commons/math/distribution/PascalDistribution.class,4
commons-math,f55f1566f0368842718c69de5c951d1642d2cb13,/Users/demigorgan/commons-math/target/classes/org/apache/commons/math/transform/FastCosineTransformer.class,11
commons-math,f55f1566f0368842718c69de5c951d1642d2cb13,/Users/demigorgan/commons-math/target/classes/org/apache/commons/math/distribution/BinomialDistributionImpl.class,13
commons-math,f55f1566f0368842718c69de5c951d1642d2cb13,/Users/demigorgan/commons-math/target/classes/org/apache/commons/math/random/EmpiricalDistributionImpl$StreamDataAdapter.class,5
commons-math,f55f1566f0368842718c69de5c951d1642d2cb13,/Users/demigorgan/commons-math/target/classes/org/apache/commons/math/distribution/BinomialDistribution.class,4
commons-math,f55f1566f0368842718c69de5c951d1642d2cb13,/Users/demigorgan/commons-math/target/classes/org/apache/commons/math/fraction/ProperFractionFormat.class,9
commons-math,f55f1566f0368842718c69de5c951d1642d2cb13,/Users/demigorgan/commons-math/target/classes/org/apache/commons/math/util/NumberTransformer.class,1
commons-math,f55f1566f0368842718c69de5c951d1642d2cb13,/Users/demigorgan/commons-math/target/classes/org/apache/commons/math/MathConfigurationException.class,5
commons-math,f55f1566f0368842718c69de5c951d1642d2cb13,/Users/demigorgan/commons-math/target/classes/org/apache/commons/math/analysis/UnivariateRealSolverFactoryImpl.class,6
commons-math,f55f1566f0368842718c69de5c951d1642d2cb13,/Users/demigorgan/commons-math/target/classes/org/apache/commons/math/stat/descriptive/SummaryStatisticsImpl.class,24
commons-math,f55f1566f0368842718c69de5c951d1642d2cb13,/Users/demigorgan/commons-math/target/classes/org/apache/commons/math/random/RandomData.class,12
commons-math,f55f1566f0368842718c69de5c951d1642d2cb13,/Users/demigorgan/commons-math/target/classes/org/apache/commons/math/util/MathUtils.class,40
commons-math,f55f1566f0368842718c69de5c951d1642d2cb13,/Users/demigorgan/commons-math/target/classes/org/apache/commons/math/util/TransformerMap.class,13
commons-math,f55f1566f0368842718c69de5c951d1642d2cb13,/Users/demigorgan/commons-math/target/classes/org/apache/commons/math/linear/InvalidMatrixException.class,3
commons-math,f55f1566f0368842718c69de5c951d1642d2cb13,/Users/demigorgan/commons-math/target/classes/org/apache/commons/math/distribution/ExponentialDistributionImpl.class,10
commons-math,32ea2a389ab8f2f8c5620498be82f1ae174e1b38,/Users/demigorgan/commons-math/target/classes/org/apache/commons/math/FunctionEvaluationException.class,7
commons-math,32ea2a389ab8f2f8c5620498be82f1ae174e1b38,/Users/demigorgan/commons-math/target/classes/org/apache/commons/math/MathConfigurationException.class,7
commons-math,32ea2a389ab8f2f8c5620498be82f1ae174e1b38,/Users/demigorgan/commons-math/target/classes/org/apache/commons/math/MessagesResources_fr.class,4
commons-math,32ea2a389ab8f2f8c5620498be82f1ae174e1b38,/Users/demigorgan/commons-math/target/classes/org/apache/commons/math/ConvergenceException.class,7
commons-math,32ea2a389ab8f2f8c5620498be82f1ae174e1b38,/Users/demigorgan/commons-math/target/classes/org/apache/commons/math/MathException.class,19
commons-math,ee71801e779d95b7366dd98901da8534f9d926f3,/Users/demigorgan/commons-math/target/classes/org/apache/commons/math/util/ContinuedFraction.class,1
commons-math,ee71801e779d95b7366dd98901da8534f9d926f3,/Users/demigorgan/commons-math/target/classes/org/apache/commons/math/analysis/SimpsonIntegrator.class,3
commons-math,ee71801e779d95b7366dd98901da8534f9d926f3,/Users/demigorgan/commons-math/target/classes/org/apache/commons/math/analysis/LaguerreSolver.class,5
commons-math,ee71801e779d95b7366dd98901da8534f9d926f3,/Users/demigorgan/commons-math/target/classes/org/apache/commons/math/analysis/MullerSolver.class,3
commons-math,ee71801e779d95b7366dd98901da8534f9d926f3,/Users/demigorgan/commons-math/target/classes/org/apache/commons/math/analysis/BrentSolver.class,2
commons-math,ee71801e779d95b7366dd98901da8534f9d926f3,/Users/demigorgan/commons-math/target/classes/org/apache/commons/math/analysis/TrapezoidIntegrator.class,3
commons-math,ee71801e779d95b7366dd98901da8534f9d926f3,/Users/demigorgan/commons-math/target/classes/org/apache/commons/math/analysis/RombergIntegrator.class,3
commons-math,ee71801e779d95b7366dd98901da8534f9d926f3,/Users/demigorgan/commons-math/target/classes/org/apache/commons/math/MaxIterationsExceededException.class,5
commons-math,ee71801e779d95b7366dd98901da8534f9d926f3,/Users/demigorgan/commons-math/target/classes/org/apache/commons/math/analysis/RiddersSolver.class,2
commons-math,ee71801e779d95b7366dd98901da8534f9d926f3,/Users/demigorgan/commons-math/target/classes/org/apache/commons/math/analysis/BisectionSolver.class,2
commons-math,ee71801e779d95b7366dd98901da8534f9d926f3,/Users/demigorgan/commons-math/target/classes/org/apache/commons/math/analysis/SecantSolver.class,1
commons-math,ee71801e779d95b7366dd98901da8534f9d926f3,/Users/demigorgan/commons-math/target/classes/org/apache/commons/math/special/Gamma.class,4
commons-math,ee71801e779d95b7366dd98901da8534f9d926f3,/Users/demigorgan/commons-math/target/classes/org/apache/commons/math/special/Gamma$1.class,1
commons-math,ee71801e779d95b7366dd98901da8534f9d926f3,/Users/demigorgan/commons-math/target/classes/org/apache/commons/math/analysis/NewtonSolver.class,3
commons-math,21a95478c2057bc6d2086a9e4904c0335ca72a03,/Users/demigorgan/commons-math/target/classes/org/apache/commons/math/fraction/Fraction.class,20
commons-math,21a95478c2057bc6d2086a9e4904c0335ca72a03,/Users/demigorgan/commons-math/target/classes/org/apache/commons/math/fraction/FractionConversionException.class,2
commons-math,1bd29782355ea38b460918d461c55a33a28b7e88,/Users/demigorgan/commons-math/target/classes/org/apache/commons/math/analysis/PolynomialFunctionLagrangeForm.class,5
commons-math,1bd29782355ea38b460918d461c55a33a28b7e88,/Users/demigorgan/commons-math/target/classes/org/apache/commons/math/DuplicateSampleAbscissaException.class,3
commons-math,1bd29782355ea38b460918d461c55a33a28b7e88,/Users/demigorgan/commons-math/target/classes/org/apache/commons/math/analysis/DividedDifferenceInterpolator.class,2
commons-math,ee556907bbc4d583d489135013e8ef93091de3c6,/Users/demigorgan/commons-math/target/classes/org/apache/commons/math/ArgumentOutsideDomainException.class,2
commons-math,ee556907bbc4d583d489135013e8ef93091de3c6,/Users/demigorgan/commons-math/target/classes/org/apache/commons/math/analysis/PolynomialSplineFunction.class,4
commons-math,08042a0c22ab360a04fbe96c6bb8096f1560c2e6,/Users/demigorgan/commons-math/target/classes/org/apache/commons/math/distribution/AbstractContinuousDistribution.class,0
commons-math,08042a0c22ab360a04fbe96c6bb8096f1560c2e6,/Users/demigorgan/commons-math/target/classes/org/apache/commons/math/util/DefaultTransformer.class,1
commons-math,08042a0c22ab360a04fbe96c6bb8096f1560c2e6,/Users/demigorgan/commons-math/target/classes/org/apache/commons/math/distribution/AbstractContinuousDistribution$1.class,1
commons-math,08042a0c22ab360a04fbe96c6bb8096f1560c2e6,/Users/demigorgan/commons-math/target/classes/org/apache/commons/math/analysis/UnivariateRealSolverUtils.class,3
commons-math,c768f73cf16e95bba48313c1ae03074e760510f2,/Users/demigorgan/commons-math/target/classes/org/apache/commons/math/random/JDKRandomGenerator.class,1
commons-math,c768f73cf16e95bba48313c1ae03074e760510f2,/Users/demigorgan/commons-math/target/classes/org/apache/commons/math/special/Erf.class,1
commons-math,c768f73cf16e95bba48313c1ae03074e760510f2,/Users/demigorgan/commons-math/target/classes/org/apache/commons/math/random/RandomAdaptor.class,1
commons-math,c768f73cf16e95bba48313c1ae03074e760510f2,/Users/demigorgan/commons-math/target/classes/org/apache/commons/math/special/Beta.class,1
commons-math,c768f73cf16e95bba48313c1ae03074e760510f2,/Users/demigorgan/commons-math/target/classes/org/apache/commons/math/special/Beta$1.class,1
commons-math,882493e7b1065b5898fc6bbb592f412317916dae,/Users/demigorgan/commons-math/target/classes/org/apache/commons/math/MaxIterationsExceededException.class,0
commons-math,882493e7b1065b5898fc6bbb592f412317916dae,/Users/demigorgan/commons-math/target/classes/org/apache/commons/math/ArgumentOutsideDomainException.class,0
commons-math,882493e7b1065b5898fc6bbb592f412317916dae,/Users/demigorgan/commons-math/target/classes/org/apache/commons/math/fraction/FractionConversionException.class,0
